{"cameraMode":{"drawMode":0,"name":"Shaded","section":"Shading Mode"},"sceneLighting":true,"audioPlay":false,"sceneViewState":{"m_AlwaysRefresh":false,"showFog":true,"showSkybox":true,"showFlares":true,"showImageEffects":true,"showParticleSystems":true,"showVisualEffectGraphs":true,"m_FxEnabled":true},"in2DMode":false,"pivot":{"x":517.50048828125,"y":151.16635131835938,"z":1349.6119384765625},"rotation":{"x":-0.07523853331804276,"y":-0.0009001901489682496,"z":0.00006785143341403455,"w":-0.9971661567687988},"size":1034.3568115234375,"orthographic":false}